login_username,login_password
vkerrod0,onwtpw75
bbrodway1,ibuxuo57
tping2,bhchhi69
amanuely3,onsdpp92
idanielis4,maydoz34
abasnett5,kamtzb43
iwaterstone6,fznoxk24
bzarb7,leinwj61
etallet8,xfvuvc33
anewiss9,jacnwe57
bcowelya,jkmnev66
skentb,wbauin66
rclatworthyc,nkrkjt60
sousleyd,siqvdp18
mgebbiee,onrlfn87
mbarrief,jzedqx80
kcockerillg,jikjqr06
rhauxwellh,xcodkf57
kmcmasteri,giziqe14
lhamleyj,ooawfd25
cmeadenk,skkjpt95
ldyshartl,sjpkpm67
dembertonm,joxmtb78
mtrelevenn,oefucg85
cklimowskio,yjnvih94
schattockp,goodtz37
spaulischq,xbuxic19
pgidneyr,ciinbu40
nhymors,lpbkfg28
jdufrayt,dmgzga70
elekeuxu,wuzlcw62
scamdenv,knlpqd59
kticehurstw,nmrgxf04
kmerredyx,wtfbzx05
tchisnelly,wsusnl30
seagletonz,ddadqe63
wbittleson10,loaapg50
kilett11,nyvqif97
ggabbetis12,oudcfw13
kklassmann13,oigzlr95
jpurton14,tkjrid20
kspurrett15,cpcamq01
agrattage16,iwgtfc18
aesselen17,ksgidt91
ssoame18,gebyos66
bhakking19,imgxsk36
bdeluna1a,yvzjsi56
ztulleth1b,kojcrt87
swimsett1c,zlaiad35
sbosanko1d,nntynv51
poliver1e,dwdygs13
dgallear1f,fqgvyw74
lditch1g,mnbubm44
bbuck1h,ugixur28
lkipling1i,twjhyf19
pblinder1j,gpzkfv19
lgrasha1k,vawnqk27
tkew1l,fawpvg65
jshipcott1m,yfbnwn55
delfitt1n,chieop61
hpaddeley1o,ytaoaa90
cdalmon1p,vzervj53
rtollet1q,muienb07
abrede1r,gbjkfq93
sionnidis1s,eisqze64
lbyfield1t,pnbjob42
msleightholme1u,hdnzqm78
cpinhorn1v,cfybue84
timlacke1w,noespo16
jhartell1x,qmkwtt70
coxbury1y,irdmgp13
fwelden1z,vhuuzj95
cyurikov20,pffthh38
aickowicz21,exaayk65
gdan22,mhxwvz97
bwasiel23,dubffh98
sleyes24,wybonh36
hschlagh25,agrnkj37
ebrimilcombe26,spthdv67
hfolger27,pskjjl73
lscranedge28,zlfshe65
gbordes29,fwyuyx94
jandor2a,dmwaro34
rbatkin2b,gqucqi46
mnossent2c,ecipdm25
bfink2d,klpzuh57
pcomello2e,tujnts94
rhazelgrove2f,tkepks37
pcockren2g,dwfxac43
gtrathan2h,irsuzj48
cgarriock2i,ozrvee91
lcorah2j,hmkueq75
emarrian2k,tthtch76
bhold2l,vwdhix80
jdelgua2m,tjopxe56
rwesthoff2n,xwyzck55
tworham2o,trwegu70
ayouson2p,hcfgyg09
dsempill2q,dxsblu38
lduthy2r,omsznq77
qtremmil2s,funmpf30
aangelini2t,fmbssr13
csleeny2u,gexlny32
ccadwallader2v,chqrsx77
larboine2w,zimeoo98
lshotton2x,akdzjl36
diacobo2y,dgsqdk58
cklicher2z,xbumzd40
tdoyley30,fbchpk43
aspanswick31,pujfir15
enewick32,cuurmo15
bcoenraets33,ppmuem24
wolford34,grhyrr80
hbisp35,invxlo19
gmcgarvie36,fbdntd20
hbrixey37,qpobxi27
bhuckleby38,qqgpwq23
mdougharty39,ccqtxq75
lcosstick3a,oiuzie77
mmoles3b,knrpmx76
mkivlehan3c,jtgwfn21
fscottini3d,uuneib07
shuskinson3e,zdflwx01
smourant3f,polsgz36
jgregersen3g,uqopwa69
kfaers3h,aepsne38
gabramzon3i,epymed62
cmulcock3j,djflsg05
jyexley3k,hjgxai69
bcorradino3l,kufphs06
vvickerman3m,xvdyln26
ahubeaux3n,qyfbqs19
alittleton3o,rjbtqd94
imorrow3p,umtzra37
wpughe3q,moxymo25
blongcake3r,gxwkrs32
lcreebo3s,mwmssh06
snudde3t,xhzfxk25
jvany3u,xuldom27
chulke3v,tqbugq42
lespadero3w,klximm31
abrook3x,liqcox00
kdulanty3y,kzdftv92
blarvent3z,ohwizq39
mpoetz40,jwxewu67
jrotchell41,ocepgt81
pmattosoff42,pastnd95
mpapps43,hrnrvc03
fpetrovykh44,rxrspr72
ddadge45,ztslvi72
iohallihane46,nopyzi90
bcrich47,kxdzwo11
rseine48,wuturh51
wmacadam49,rnuakw84
ltoffanini4a,jigzco36
clapere4b,wgmlwe96
jlingley4c,gqajmx19
rreek4d,fcespi61
rlangworthy4e,wanyyb43
bbothram4f,nhfpvu43
hgrenfell4g,jmtjkn38
rsilcox4h,clwrpa31
sbowmen4i,dpfpyr18
nparkins4j,qepxto05
bguillerman4k,owntgn43
sgrundon4l,lrlghn78
dsola4m,iscepm92
jkaplan4n,nzhbln30
bbourke4o,doefab39
mhalston4p,qvnsad47
shallatt4q,cluoqt66
ctrahair4r,eosgeh35
akebbell4s,dtgsza85
awilbud4t,dkniuc33
peadmeads4u,wribhd17
pmannion4v,gymwwr34
smateos4w,zgcsnn50
shumerstone4x,wkjwus01
pbrew4y,txsval97
sgregh4z,ausofh64
nbarthel50,qjdyjf65
aagiolfinger51,qrtlzy01
amckern52,lckiuw11
aknowler53,bhzbec91
afeld54,drklcg07
jstanyer55,cyuyur14
wplampeyn56,xhwleg62
ypaul57,oetker36
sbrassington58,pwdtfa30
pwiltshire59,hmhlvl56
bruddell5a,akxlnq52
fpoure5b,naqkdl49
ttewes5c,wnckei73
bestabrook5d,etnmnq72
cwingrove5e,rskpsg29
loglessane5f,nyumyq92
aferriday5g,gllzix95
dmullin5h,ugrvep90
bsothern5i,lbrbeg56
bfallis5j,qdobtt20
gsicily5k,ytxeiz87
gugoletti5l,ifignz26
hfairfull5m,bwkeso59
mwellstead5n,imgcpc75
vhuc5o,enklma49
bethersey5p,kaaimj86
sesterbrook5q,xyrapb51
owegner5r,yugtgr68
atithacott5s,xihxjh26
ttwinn5t,wafoim65
karmatage5u,twoznm83
csolomonides5v,upzipg95
abrilleman5w,awflyz80
adoggrell5x,xjzkjh59
mlofthouse5y,hmscxt79
swybrow5z,xdmjcz92
gmayow60,jfglkp10
dlicciardi61,cxzrho01
gelcoat62,eexdia50
akaye63,nqvlqa95
skahane64,ylsovw95
jleighfield65,zqlxzd59
cvasyaev66,bykqmo34
rwishkar67,ojoznh21
vluckman68,zmiyar87
cbrighouse69,fgqzjd60
kkemmis6a,tycket58
brenol6b,jyapic82
torrell6c,pvnyyh72
acarver6d,nglhby22
rstoneman6e,hhuhkx06
ayaxley6f,dqmogg23
cgianullo6g,owgfpu15
vlott6h,wmzuxy66
dcameron6i,hayhnu49
itesmond6j,rpgwkl65
wstribling6k,cxwfnt43
wpetegre6l,shwwjt68
sgrinval6m,ezfdeo92
cwilbore6n,fquycx69
iadam6o,ymngtv51
spopplestone6p,ftxxge98
pkelberer6q,oaekkt49
lmcareavey6r,ypgbau92
elamden6s,rkntpk24
escrammage6t,ojudle07
wkerley6u,egirnr73
evaune6v,onurrj52
cofallon6w,stwcxs58
gkubec6x,fswkeo98
hcutridge6y,vaqfdg10
rropert6z,nfyzut81
ichessun70,rovsza37
mdavidzon71,vctzgy52
igluyas72,ihakjh64
cpohling73,jqcfsv11
cwimmer74,lfsvic47
dpunyer75,ojbzqq56
gpitrelli76,atjigr54
ymarsy77,twzqul49
fryott78,psbgpu83
pwhate79,ztfxyt47
gnehl7a,kfnhip48
gvlasyuk7b,xaijqg05
oryce7c,ywikca01
hroblou7d,fajqud92
rsigne7e,tfjkii21
bcolvie7f,gbwozp84
dbraunston7g,irlhsa44
bbreewood7h,emdybk17
ecaffrey7i,xtneqa36
aantao7j,dmjeqo01
ldrakeley7k,bxdmjy89
randor7l,sgoaib18
jlichfield7m,mgrxiw54
khasnney7n,ylnzag38
sgaughan7o,rtabmr49
mkeeting7p,mjuwcn59
ddunkersley7q,omvxxp49
aepdell7r,afbkhn20
odragge7s,zadpbg17
kwarstall7t,vqfjru25
hpyvis7u,tvxiqa89
emea7v,ijktcj46
atoler7w,qefyvw10
kskaife7x,duaajy74
ahammerberger7y,vggrgx63
bsallan7z,mmvvzw47
xdilloway80,kgrdkl02
rbickers81,rhbaof89
fgerrett82,rhyvqf82
tupwood83,fwcptb40
nolek84,eokpdl32
agobell85,ktvmvx57
dwhapples86,vdszne04
deasson87,itunxf79
dcreswell88,vgiauo75
hhemmingway89,inpcff45
agunthorpe8a,rokklz01
pdebell8b,tserdx45
cmacgovern8c,wjkuqg33
tstute8d,vcaiqp41
barnet8e,orukij12
wtewkesbury8f,duhlos10
athombleson8g,xwadus07
llebang8h,bwypoa29
xpetkov8i,yheoev69
spaulot8j,unyvdd91
mwetheril8k,ifivbo29
tmccahill8l,lkxhdc16
pphilimore8m,pfhfuz56
tedbrooke8n,bjjjwk76
tkindleysides8o,aofyud63
mdumberrill8p,ndpnnv94
asemens8q,fhudas38
lmulford8r,gevkog54
gsyres8s,bgqswe67
lregglar8t,tykdcq93
dgunney8u,jgnirq23
pbeeckx8v,fhggnz31
gthorington8w,vclauu29
dcaddies8x,xvlqck30
lsea8y,uoekqw99
dsollitt8z,nubgtz04
rpace90,wpwygo70
bfernant91,hkttqv07
hmartinec92,mudmdw53
ksawtell93,suvcke76
wstorah94,grnqpv41
icardwell95,bynayz99
gpeche96,pgqbwg70
jheinritz97,ldkzgf48
regerton98,xssjnw84
oruprecht99,hfdtox53
sharpur9a,cjyuvz98
snuemann9b,ekkiqi53
mvakhlov9c,ushulz54
ccrichten9d,alxmjw13
acoggles9e,arzukf29
hwalkden9f,dliibo72
bgrisewood9g,exyijr92
clemoir9h,nroesa21
dredford9i,isgsuw43
genriques9j,ezdvog65
hbaxandall9k,sjybfx28
carran9l,gegecx83
bkobpal9m,wzertg48
acotilard9n,vicook76
mspurret9o,vhnkxy20
proches9p,dpuloe46
rhakonsen9q,hyqmyy50
clatimer9r,dldhcp24
dcicerone9s,furvcj86
wferney9t,nirguc08
whanrott9u,kyfafw50
scocker9v,qfzznp96
dgammill9w,tmqfch51
sseebright9x,xvhjnr14
omundell9y,tyqokk11
vcambling9z,iuzpjt47
bweatherleya0,xovwva07
rmorrella1,smllpm37
hbavagea2,ymxfap12
pcowlama3,dsllar04
crosea4,qmehss84
iturpeya5,plguip06
ryarnleya6,kczfip73
jhuba7,emzwth66
matyeoa8,stmiae71
ddunka9,cuetyv26
aottewillaa,jimpkc32
ecrunkhornab,ophahl25
tdodac,kyigsd87
dvalancead,blgzdd12
rblaxlandeae,gpkebw95
acleftaf,fnfzsl16
tjefferyag,yyphvn36
rdavydkovah,fgonmc14
bgarveyai,kczoxw19
ntilleyaj,xoewes89
sfoulgerak,tpebvi38
ccarlemanal,iuridj87
mmixhelam,udxarv42
lkelloggan,npzsax85
smarstonao,zzderx94
bvaggersap,rcpzhg98
cdyettaq,ppqtji98
mwedmorear,zotwiz31
bknappenas,rcyama53
qdarreeat,zznize07
mfalconarau,lnjfnl99
kscanesav,wkvrnv03
jkenninghanaw,jkdbev29
aerleyax,zzntni82
bwaddellay,votllj23
cdaalaz,rclsoh69
olutob0,chdfgw29
egarrowb1,vyrhvr95
ngisckenb2,fsxfeb20
fseefusb3,aenrvh87
lbrightmanb4,zprnum67
lcherrisonb5,baqdnn97
mdowseyb6,mjgwdk30
aeltringhamb7,gjzhbw92
kkuhlb8,tlfoyk86
aambrogiolib9,txxcst75
mwillimentba,mbvskd77
lsabatibb,fkehil94
sshapcotebc,ckvwii18
nmasserelbd,jkgphc11
jlatchbe,sdazyy38
omeltetalbf,iifmfu95
jbeachambg,wgzvrj74
owhenhambh,ferbnq51
clicasbi,ojtoay45
bcrottybj,gojlei33
rgunterbk,eepvor47
jlebanbl,tjwzwg79
ehacklybm,eyrxks93
mattonbn,yzzwhz27
dcasinabo,nycyht20
jgandrichbp,byfqps24
dswaddlebq,ygmwno02
pambroisebr,mmbklg29
mkinnenbs,vokcgg25
bgetchbt,hkfshd58
nloeberbu,zxdqhm49
ipontbv,lvymde78
zbrelsfordbw,ojkjbe21
nodesonbx,lhirtp63
rmarchelloby,dlkxkk48
lromebz,vuflru07
kdragec0,stvotv33
tdesantisc1,vhtzuz32
jneelyc2,kyatoc26
mgroucuttc3,miwdad72
lelldredc4,wwdfpi86
marntzenc5,vsjkgw27
bjoannetc6,efycdq12
adarridonc7,rkzhtn88
akeoughc8,njvdel35
nrekesc9,nvwpfa29
jlowdianeca,gzefrp47
dcrollmancb,qobrvd36
hdebowcc,tverks06
lthompkinscd,udiilv71
cthoriusce,tsojta03
braisecf,kmdapb71
ccrumbcg,jqbyhs20
geaglech,peleoa42
dflatteci,dcjgkq79
lgreedingcj,plwzne70
apeppettck,npsmmf51
mcouttescl,tezsbj76
fforsythcm,hbttyv50
ebillboroughcn,wrxtcf30
mwiddicombeco,cwzdxk68
cbohancp,pqmefq65
ttissingtoncq,hyiutl07
hletrangecr,vgaxqi62
ctuftcs,dckulq87
ayashnovct,zkqois59
gdoylecu,omybob87
bjindracekcv,vdnlrf07
adumkecw,mhkiim80
sbrantlcx,npyvlo04
aflaoniercy,xbojyc07
ramorinecz,gkmelx17
jdelafoyd0,nkevtk66
vflexmand1,owiocq10
dspriggind2,pryrrd87
csalvaged3,isrvup70
csinnattd4,jjxajo72
dfairbrassd5,tcicyv70
gpurtelld6,jemhfz90
tfirmingerd7,nkplfb07
lkewzickd8,kuxcfy12
fbockettd9,tfzwah75
nhuggensda,fvzmvu55
sjumeaudb,csbdym80
cguarddc,zgavta47
klaisedd,qqgwkj17
mbealde,borelu87
lsandilandsdf,xkditl51
bhanssmanndg,arliwb98
pgrasnerdh,bcwkki24
lmorrowedi,ccfcdn55
dandrysiakdj,bwoggt63
oheadleydk,pyvrvh25
ucroandl,dvupjq22
jmatiebedm,kpwuqv90
pniavesdn,inyfvx45
gjergdo,ojczli24
kcherrettdp,odoppj34
fmorriddq,tmrlkg73
ssilkstondr,vppxzz15
gouverds,lkcixt42
jpervoedt,sxcjpg29
pfalkdu,uphapj23
lkaygilldv,wfhbmd08
pmccahilldw,ysskwq90
aquillinanedx,cekbhi38
tvassedy,vrkzla64
fgwynndz,iydbvy62
khusbye0,xgpbwq36
ascampione1,hemptf42
ssiggense2,aozoqg80
jprivette3,tzeblb67
klambole4,yphzix95
egoatere5,dwabhp02
atrahare6,gyeyel19
rcoupmane7,jpfscn87
blornsene8,suwywv29
rvaheye9,uypomk56
xcookseyea,ywlnpn74
fmelledyeb,gwonwl69
srottgersec,xixzbs69
mbernaciaked,mnyxug42
zgronnoee,ntxjbo94
ddewisef,wcijxs44
kpetlyuraeg,pfdele17
gkrzysztofiakeh,qsteka87
crowlerei,zetlgs23
mwalneej,zijmnw94
eparlorek,dkvawt70
elewinel,zyrqqd15
rdespenserem,bkhvdo55
kbeszanten,bzhubs06
fwoolagereo,qrvepl24
dfosserdep,hkhsej54
ikornyakoveq,iihhso44
bvigorser,sqfmun59
nlampinges,xabukh15
ccamseyet,gnoumh85
lgrandineu,ktvnel17
kmatthewev,ccyqhg26
hcramptonew,scgzzo04
eemblingex,fkdqae00
mmcfarlaneey,pxlyyx24
abartolettiez,miayws86
sstickinsf0,jwzfwk89
cnoriegaf1,uvetzu26
nrooff2,djdttp37
jgrowcottf3,mehaob02
gmelluishf4,xwrmqf78
glundonf5,kwmmwd33
rwaynef6,wehkex49
llettsomf7,adhszp74
mtwinef8,oeudnn14
vlissandrif9,rojzag47
lgirvinfa,qsnqof39
mtutefb,pyjgdb20
alakefc,hjshux21
cgonsalofd,slemsd55
scushefe,gwhhic55
jdefilippiff,mmzuqe36
ktonnerfg,dvluwf90
lharewoodfh,nxgrry31
acrottyfi,hlddhb28
zdurrancefj,esumts70
jgrainfk,evknxh88
cbatefl,rhbyhq19
fdickyfm,poyzqd04
shosbyfn,lmngmx17
dpuntfo,lmtzij97
klaurencotfp,hchqga35
iegleofgermanyfq,mcrlsx30
gswannickfr,vihqhz93
dmadocjonesfs,roaqds13
jpickettft,zutfln72
cakriggfu,vwhhzy15
bstendallfv,rhshmc76
wlowthianfw,yzxqnb15
akremerfx,lodkme73
mgrevelfy,qjfted69
gscandwrightfz,ddniqx60
dwalkingshawg0,tqeiog72
ascholardg1,qrrdht32
vkellartg2,fsmwlc62
lfullowayg3,gjarif46
tcuphusg4,edxhnv88
kbramg5,npfqqz36
fhowgateg6,edpgds87
rlaving7,hyqatp48
vgwylltg8,gfulnw37
wdartnallg9,xlsuyj96
bmelburyga,okwrqe07
achaldecottgb,lcjdlw28
llukovicgc,pzghnt44
jnevingd,dhwlct56
winkinge,lphyyj32
gkystongf,ygfsws40
ebritnellgg,vxbwgh99
aoleksinskigh,qtzxjs46
ptarpeygi,ozhaeu37
lbrittlebankgj,hxifln69
aquingk,zdolgl27
aschultergl,ammkhn98
mdagleasgm,buahai84
vmcgorleygn,sasjnp07
afaldogo,vmdbxz45
pcatlowgp,zmxnaq76
gdibatistagq,njeodq29
rcasinogr,yudyzt00
bborgarsgs,rbjwag31
fswalteridgegt,tbepnx31
dfitzgeraldgu,umfmuu34
hdacresgv,ofgyrv04
echarettegw,yxituz21
ahardagegx,kiwbqs68
rtatfordgy,hzvkhz97
jsullivangz,takuvt40
klepruvosth0,tjlski47
bbroggellih1,xpaxom67
lmccluskeyh2,ykpozg67
jbrookzieh3,zpyuic82
athravesh4,lwfjfr42
mtezureh5,mzvopf49
tbranchflowerh6,tggvnx94
rjanksh7,locaqu47
kforsth8,vspubs13
rprendevilleh9,jjotlg10
dsumnerha,zqiyok24
sconneelyhb,oyenbx55
maggliohc,vugdsp43
nparadehd,byrsfl74
hdesboroughhe,lhskqn42
scorckhf,bvkhid28
hgheorghehg,dqhedh41
fthalhh,mlgxqc43
mmccollumhi,dnhbtt27
aoelshj,bicdis89
ehawkehk,stldbe14
fpybushl,xrihae14
gstillinghm,dvxxar49
bsowrayhn,fdsjhk79
kpursehouseho,sagzli39
mhacunhp,iqcscc51
dburhillhq,vmclsl80
cmcgrathhr,zrweut89
lleebeterhs,gyiqpx75
ggrouvelht,cismdu45
amcronaldhu,whgmgf83
pmcmillanhv,yphxkg56
skarushw,plvqyh94
lbrandsmahx,uxaabl87
dgirardezhy,dehfwl49
cdemicolihz,ddfbpa78
hlovelandi0,wbsdwj27
pyashunini1,huwjdo44
tcoursei2,rnqxtw92
ghavershami3,ltirkj34
szamboni4,xssvzy52
blabuschagnei5,wigkac26
davrahamyi6,jsqwmm19
tnorthingi7,cpffhu38
edarweni8,vztiwo03
rmorgani9,osapek39
bgristonia,njysvk38
rskelhornib,ggbkoe11
jnegalic,ksxvxc67
cpersittid,shfofe24
rwickensie,nozkml57
lhekif,jrsbjf02
apenchenig,yfpgou99
jhartmannih,djbjlo33
jcolvillii,utlggq09
bdarnodyij,lefiql16
nfoggartyik,vvdcqk71
ebleieril,ifsoqt43
emasdinim,cobktu52
gbaileyin,siluhi68
hbyrdio,akqzjh50
opoeip,lxwrrr41
cmbarroniq,rxydxl68
jlindeboomir,iysgmv80
dmoseyis,ldhrxk60
langeliit,nxsoyh15
vreburniu,ehdhtz99
ffreeariv,mlzuha28
hleacockiw,akfzuh21
fdunsleveix,hznuqc38
tkingcottiy,gwlkok51
imattediiz,rcrwag94
dmulberyj0,palvua60
rianizzij1,lrkkrb40
njaskowiczj2,wigewz24
cmcgroutherj3,hbyevs10
ademitrisj4,wuhwvk89
pfeltoej5,punemh01
cpinchonj6,xvngxo85
kjosephovj7,mywnzp97
lloynsj8,nckuvd69
mingilsonj9,mtigrr27
iskettja,eydvbi21
wwhitbyjb,havcla76
jchasemoorejc,hnowcy28
bduffjd,rdlgqv81
lkenewelje,glvqxo97
nwankeljf,txgbsf69
dnorwayjg,iaaegc68
dbumpusjh,ysuvfv66
bmoroneyji,quakvk34
beveralljj,ynasbk42
tcawsejk,tbzmnh11
mtolsonjl,rtahpr35
gpennycuickjm,pwncpu20
fstandingjn,igvnmr58
mrundalljo,ojvofk27
glinkinjp,rocrob71
ebannardjq,brwylz90
ccounselljr,hqxiwj49
dninehamjs,qehcqw60
cfurbankjt,kebsxl94
clouedeyju,soqmpv65
jbosketjv,hznvuz91
vwebberjw,ugszdu75
jyoudejx,yvyuqc84
belstonjy,xjdiln18
jlacasajz,scnhqk42
vbenitok0,iupsrs77
fivanikovk1,idkgfn50
mpendergrastk2,jmohmr79
kcantwellk3,jmvded04
vpollicottk4,kzfbdx46
vgullefantk5,xfrqiv31
kjuschkak6,ewbojy07
mmacdwyerk7,jaupqr34
mperrycostk8,evpzaa27
bmaxweellk9,iylcao21
mskyrmka,xyoeoy26
jwarrierkb,iqkctp42
esaxtonkc,xlxhdb89
bleveragekd,axwhmr43
mwoolstonke,fahiwo14
frobioukf,doakjc51
gplumridegekg,rfwzil91
bhaackerkh,atvqvr65
agrunsonki,pebfqp70
esullykj,wkebwk50
zbygatekk,bbvcxy72
alarnerkl,ihbrcc56
vbattabeekm,dlfxpr91
lmaffinikn,kovigs98
sstuttardko,fmmqka88
icawthornkp,fozklh27
mlusheykq,vinvrw84
sverrillskr,dxvayr23
mbatieks,aesuxo98
bgurkokt,abfztb10
kkittmanku,mbniag71
sjutsonkv,sdexbf66
hphairkw,pfkbtj57
spadellkx,dzoiyt21
ppeddoweky,sesirk75
jmanterfieldkz,xtegzw39
bjillsl0,wadyke71
ndranl1,dqajpn46
despiel2,xrarbz42
mbausorl3,eturad08
cglasonl4,mwfopn44
mcalfl5,udhkcs12
mpahlssonl6,dlsihh38
aandraschl7,rdpors28
pscuttl8,wlzayk93
elittlefairl9,krvgmu00
wkenwortheyla,jhrxji26
miiannonilb,mowmic95
ctolandlc,xeflam06
rdemorenald,qzhmhf46
ghorbathle,nztnfz18
ilujanlf,ofyofl89
jboadbylg,dvdycl20
wgavanlh,bkaagg78
cpymli,qvwily44
rthornhamlj,szuikb63
mcoventrylk,vnwqct00
adroverll,yeflha74
pbandylm,wzfxld07
bisgateln,rrjynn52
tmilsonlo,dnokbg27
fosmantlp,uwwmmj53
gdarracottlq,jnwzbw61
lwardleylr,baeebb03
acartmalels,zpekha09
ctacklelt,rqiqun68
bprestwichlu,xtlqsf36
rtunuylv,lnqxfy30
owatkisslw,fbxjuj44
imacleselx,ryzuym55
lkeoghly,oniglb75
vmaberlz,mrtapd69
wstilldalem0,oskykv88
sstobbartm1,ahmaoh99
skleynermansm2,onlrci96
doffnerm3,lmxzgh91
bpetherickm4,iszuti21
elendenm5,qylgke99
kkellsm6,mczrbz48
tquartermainem7,oafpmd75
scluesm8,vlblqb59
dbonderm9,lrawef41
rseebornema,tkubtk53
awiganmb,twzrnc98
babbymc,xreopa09
wdzenisenkamd,vvyntw85
sambridgeme,sykcpo03
lpedrolimf,wmpfil71
njosummg,skikok06
cmacgraithmh,dxuyhv02
vhumphriesmi,gifieu45
ieleymj,ldbcli74
cgillisonmk,agsutz29
mruppelinml,qsuhhk46
fmardermm,tatydu96
odomeniconemn,tdweed60
lsterremo,pfqmzn20
blashammp,omcrnl45
fhagstonemq,jkjqrl10
aschinettimr,vvxwfs91
lchungms,vcphxi78
frhodesmt,zsjfws35
bfantemu,fgaofa55
jlattinmv,ugwgyf51
rgrocuttmw,lsgtvg04
cranahanmx,ecflla46
emccaguemy,dueqvs54
creymz,tyykab37
wkearyn0,opdvzy81
ecaneten1,ugumud37
lfaichnien2,pdiclg97
bguessn3,crfllr83
mmorricen4,gfgybv93
mcumbridgen5,eyyghj85
mrenisonn6,ncopia22
llemmanbien7,bfqkar43
afrangionen8,gbxssh51
mstrippeln9,dlttoi53
jmcdonaldna,sbfvce35
dandellnb,whzgie46
rohlsennc,bqucwi12
athulbornnd,nrehdc93
maverallne,zmvwyw99
wcannnf,ugegzf15
rwoollinng,fwpwby17
mnevinsonnh,otmnjj25
lclerkni,jcnkdj67
mlunenj,omxavt48
rgannicottnk,zmwlxe37
tgeocklenl,sruegt27
jpinkenm,mmrylp04
wadameknn,wcowkv63
nmenichinono,ptpmcq07
loxxnp,iwdcme33
tsantrynq,tpegnw62
iclifftnr,suxibk26
bglassonns,tapkrc32
mparsandnt,xbfndu73
pabbotsonnu,avcaxc70
rbubeernv,cyubfg18
tsamuelnw,sbehov26
krannienx,tkwqbn18
hbritcherny,nhqqhy62
mhackwellnz,jluhba03
tottewello0,gjqwes25
jbuttfieldo1,fptwwd20
twakemano2,shtowc40
mgammageo3,inskqg70
gduferieo4,eeflzu22
ddunno5,ebthkq44
mmccrackano6,zoaoni02
ecloonano7,ynqgen78
xwakemano8,rrnfcp69
bilyuchyovo9,fsoncz31
dbrahanoa,aulyks82
amcpolinob,cflrez97
teatoc,vnrlbc11
jbossod,fwcuwg39
jfentonoe,losldx24
kskeenof,qwmxmi85
mhutchingesog,wwbegr61
eocosgraoh,ykmzsq09
mslimmeoi,wdkaro98
tkeepoj,egojpg33
vcousinsok,ivfkyd24
semmotol,kttwac36
mdodameadom,haeggb60
ocristoforoon,vihccy65
habrahamianoo,fczgkj93
ashortoop,qhtyok76
gmaplethorpoq,ibuemq07
sedgerlyor,nlgcsu17
mavardos,wtdxpx77
kslimanot,plsdgh18
mcollisonou,ssimvk90
ccolwellov,jkxxji34
okopecow,jbjixh80
evasserox,ugwhmz11
pjouhanoy,xdbpth67
cduhamoz,tvtdab56
nbedbroughp0,bjpmck82
bkyndredp1,dlkyyx67
dcostelloep2,jtpmew62
bhowkinsp3,jxvleu42
tmarquessp4,pzyavy24
lcaustonp5,xbiwap01
lvanoordp6,vtidmu07
bfildesp7,csauvt33
cgrimep8,icbykz39
myouhillp9,guiatk82
lmallabypa,djtcfq60
kbernadzkipb,eljvow48
cgimertpc,eugavx43
wbodsworthpd,nhzpae48
bvallowpe,qoqwev74
pdeelypf,sdkoiq54
haimepg,vpaxpn35
jnorcliffeph,ghpkvo95
tleveepi,chkwal80
kmoiseypj,wbjurx21
hgauvinpk,vunugd37
jgiroldipl,cboaoh77
mselveypm,hzrycr45
hmillampn,vgyimm01
ssandbrookpo,xeozya25
dphearpp,eliyki54
dattreedpq,fmoeam91
lgiacoppolipr,cinfpz45
ipaulleyps,yrkeyp41
dmcandrewpt,ydvilh98
gskydallpu,hchzcc38
hbondleypv,zfjoku18
bbogaertpw,cyubqu47
cpirduepx,ckbxoa35
msaichpy,unpdlp60
mbattepz,kmekro59
uorpinq0,pyfcyp00
hsargantq1,lfeuuc65
stawq2,mltxwr24
mrosindillq3,hfjdvd46
dstedellq4,rrajmn31
ccoyleq5,ntyhhc37
mfullerdq6,zmouek93
rmixerq7,wbuwmm15
lnockellsq8,bvgqba72
mdahlenq9,cxmghc19
rbilovusqa,ctaqag74
kwhibleyqb,nwpwhb86
sbilovskyqc,nrgidf57
asherrettqd,mfvyxa01
rtwattqe,vxsmjr37
bgeipelqf,unomiy93
kfishlyqg,fosond68
lhillburnqh,dsqlfm93
phendrixqi,yyxsnd82
btrumbleqj,iabdht12
djedrzejkiewiczqk,jbzrxy01
pturlandql,fwntot31
msherrocksqm,undxtv27
lpoxtonqn,vaijtd87
noakshottqo,edmbcg55
rdoggqp,hqywqm11
cpegramqq,blbtll65
bpilpovicqr,oxtzxm56
toflynnqs,boputh51
aosborneqt,bcdudj22
cwinsletqu,ptvqhu29
eklesseqv,khwmfx97
rcardenqw,codbps69
cdugganqx,mybahs00
lkeattchqy,suxgua82
ncolicotqz,jojcxf25
rhalkyardr0,efndke38
gpiersonr1,wzwzrf00
lshilstonr2,cxfsxs67
lriedelr3,ibexio07
ascurfieldr4,sbrtsa29
emolandr5,kyistp98
jcluattr6,vhuqde68
awestwickr7,hjdklb26
egainsburyr8,ggqtxm95
frysonr9,owbloc81
tgulstonra,trjkgv57
mshaklerb,glovht90
nnehlsrc,heshkx80
bcharnickrd,biezsg09
mcanariore,uuadlf78
djeaycockrf,bkyptm51
scasarinirg,ogukvm59
gpiquardrh,wtpoyk20
mdaggri,ojvgtz16
elangthornerj,oeyvwq40
vdonnrk,ylydyp57
jbinnsrl,firvqr08
kbruunrm,pwlslc44
sdeniseaurn,skwpax42
rvandrielro,npquhw81
zcricketrp,dduhbr28
cwillischrq,fwnfxo85
sjohnssonrr,tsdkqy12
